240;etoile-de-mer;http://www.vacances-directes.com/fr/camping/etoile-de-mer-serignan.c240.html
233;domaine-de-la-marina;http://www.vacances-directes.com/fr/camping/domaine-de-la-marina-messanges.c233.html
238;lou-pignada-ondres;http://www.vacances-directes.com/fr/camping/lou-pignada-ondres-ondres.c238.html
235;ravoire;http://www.vacances-directes.com/fr/camping/ravoire-doussard.c235.html
236;saint-disdille;http://www.vacances-directes.com/fr/camping/saint-disdille-thonon-les-bains.c236.html
234;etangs-fleuris;http://www.vacances-directes.com/fr/camping/etangs-fleuris-touquin.c234.html
237;mar-i-sol;http://www.vacances-directes.com/fr/camping/mar-i-sol-torreilles.c237.html
229;rieumontagne;http://www.vacances-directes.com/fr/camping/rieumontagne-nages.c229.html
244;hippocampe;http://www.vacances-directes.com/fr/camping/hippocampe-volonne.c244.html
222;almadies;http://www.vacances-directes.com/fr/camping/almadies-la-tranche-sur-mer.c222.html
246;tahiti;http://www.vacances-directes.com/fr/camping/tahiti-lido-delle-nazioni.c246.html
192;coteau-de-la-marine;http://www.vacances-directes.com/fr/camping/coteau-de-la-marine-montagnac-montpezat.c192.html
242;cadenieres;http://www.vacances-directes.com/fr/camping/cadenieres-villecroze.c242.html
200;domaine-des-iscles;http://www.vacances-directes.com/fr/camping/domaine-des-iscles-la-roque-d-antheron.c200.html
219;domaine-d-anghione;http://www.vacances-directes.com/fr/camping/domaine-d-anghione-castellare-di-casinca.c219.html
217;castellas;http://www.vacances-directes.com/fr/camping/castellas-sete.c217.html
239;palmira-beach;http://www.vacances-directes.com/fr/camping/palmira-beach-vendres.c239.html
206;europe;http://www.vacances-directes.com/fr/camping/europe-vic-la-gardiole.c206.html
227;parc-des-allais;http://www.vacances-directes.com/fr/camping/parc-des-allais-trogues.c227.html
211;ile-du-rhin;http://www.vacances-directes.com/fr/camping/ile-du-rhin-biesheim.c211.html
203;dune-blanche;http://www.vacances-directes.com/fr/camping/dune-blanche-camiers.c203.html
231;tours;http://www.vacances-directes.com/fr/camping/tours-st-amans-des-cots.c231.html
220;phare;http://www.vacances-directes.com/fr/camping/phare-le-portel.c220.html
